{"type":"FeatureCollection","crs":{"type":"name","properties":{"name":"urn:ogc:def:crs:EPSG::7001477"}},"features":[{"type":"Feature","id":"1","geometry":{"type":"Point","coordinates":[3455818.8512,552647.398499999]},"properties":{"ATRIBUTOS":"","CVE_OPER_ENT":"0711111432","CVEOPERORI":"","CVEGEO":"0710100660490800","CVE_ENT":"07","CVE_MUN":"101","CVE_LOC":"0066","CVE_AGEB":"0490","CVE_MZA":"","NOMGEO":"El Sabino","PLANO":"N","ORIGEN":1}},{"type":"Feature","id":"2","geometry":{"type":"Point","coordinates":[3455163.2735,554384.4683]},"properties":{"ATRIBUTOS":"","CVE_OPER_ENT":"0721111412","CVEOPERORI":"","CVEGEO":"0710100770490800","CVE_ENT":"07","CVE_MUN":"101","CVE_LOC":"0077","CVE_AGEB":"0490","CVE_MZA":"","NOMGEO":"Santa Rita","PLANO":"N","ORIGEN":1}},{"type":"Feature","id":"3","geometry":{"type":"Point","coordinates":[3449649.0032,551925.719799999]},"properties":{"ATRIBUTOS":"","CVE_OPER_ENT":"0721111411","CVEOPERORI":"","CVEGEO":"0710101950490800","CVE_ENT":"07","CVE_MUN":"101","CVE_LOC":"0195","CVE_AGEB":"0490","CVE_MZA":"","NOMGEO":"La Cruz del Mojón","PLANO":"N","ORIGEN":1}},{"type":"Feature","id":"4","geometry":{"type":"Point","coordinates":[3449663.7036,551728.744199999]},"properties":{"ATRIBUTOS":"","CVE_OPER_ENT":"0711111431","CVEOPERORI":"","CVEGEO":"0710102010490800","CVE_ENT":"07","CVE_MUN":"101","CVE_LOC":"0201","CVE_AGEB":"0490","CVE_MZA":"","NOMGEO":"San Isidro","PLANO":"N","ORIGEN":1}},{"type":"Feature","id":"5","geometry":{"type":"Point","coordinates":[3450413.1192,550261.019900002]},"properties":{"ATRIBUTOS":"","CVE_OPER_ENT":"0711111431","CVEOPERORI":"","CVEGEO":"0710102040490800","CVE_ENT":"07","CVE_MUN":"101","CVE_LOC":"0204","CVE_AGEB":"0490","CVE_MZA":"","NOMGEO":"Santo Tomás","PLANO":"N","ORIGEN":1}},{"type":"Feature","id":"6","geometry":{"type":"Point","coordinates":[3451075.1301,553265.129700001]},"properties":{"ATRIBUTOS":"","CVE_OPER_ENT":"0711111432","CVEOPERORI":"","CVEGEO":"0710102250490800","CVE_ENT":"07","CVE_MUN":"101","CVE_LOC":"0225","CVE_AGEB":"0490","CVE_MZA":"","NOMGEO":"Piedra Santa","PLANO":"N","ORIGEN":1}},{"type":"Feature","id":"7","geometry":{"type":"Point","coordinates":[3453508.5851,553300.1767]},"properties":{"ATRIBUTOS":"","CVE_OPER_ENT":"0711111432","CVEOPERORI":"","CVEGEO":"0710102270490800","CVE_ENT":"07","CVE_MUN":"101","CVE_LOC":"0227","CVE_AGEB":"0490","CVE_MZA":"","NOMGEO":"Tres Hermanos","PLANO":"N","ORIGEN":1}},{"type":"Feature","id":"8","geometry":{"type":"Point","coordinates":[3452761.2367,554319.331500001]},"properties":{"ATRIBUTOS":"","CVE_OPER_ENT":"0711111432","CVEOPERORI":"","CVEGEO":"0710102280490800","CVE_ENT":"07","CVE_MUN":"101","CVE_LOC":"0228","CVE_AGEB":"0490","CVE_MZA":"","NOMGEO":"El Carrizal","PLANO":"N","ORIGEN":1}},{"type":"Feature","id":"9","geometry":{"type":"Point","coordinates":[3454961.0615,553313.549400002]},"properties":{"ATRIBUTOS":"","CVE_OPER_ENT":"0711111432","CVEOPERORI":"","CVEGEO":"0710102300490800","CVE_ENT":"07","CVE_MUN":"101","CVE_LOC":"0230","CVE_AGEB":"0490","CVE_MZA":"","NOMGEO":"Argelia","PLANO":"N","ORIGEN":1}},{"type":"Feature","id":"10","geometry":{"type":"Point","coordinates":[3454683.5033,553296.401999999]},"properties":{"ATRIBUTOS":"","CVE_OPER_ENT":"0711111432","CVEOPERORI":"","CVEGEO":"0710102310490800","CVE_ENT":"07","CVE_MUN":"101","CVE_LOC":"0231","CVE_AGEB":"0490","CVE_MZA":"","NOMGEO":"Guadalupe","PLANO":"N","ORIGEN":1}},{"type":"Feature","id":"11","geometry":{"type":"Point","coordinates":[3451283.4684,550076.331900001]},"properties":{"ATRIBUTOS":"","CVE_OPER_ENT":"0711111431","CVEOPERORI":"","CVEGEO":"0710102340490800","CVE_ENT":"07","CVE_MUN":"101","CVE_LOC":"0234","CVE_AGEB":"0490","CVE_MZA":"","NOMGEO":"Adelita","PLANO":"N","ORIGEN":1}},{"type":"Feature","id":"12","geometry":{"type":"Point","coordinates":[3450810.042,550353.436099999]},"properties":{"ATRIBUTOS":"","CVE_OPER_ENT":"0711111431","CVEOPERORI":"","CVEGEO":"0710102360490800","CVE_ENT":"07","CVE_MUN":"101","CVE_LOC":"0236","CVE_AGEB":"0490","CVE_MZA":"","NOMGEO":"San Martín","PLANO":"N","ORIGEN":1}},{"type":"Feature","id":"13","geometry":{"type":"Point","coordinates":[3449902.0243,551732.718800001]},"properties":{"ATRIBUTOS":"","CVE_OPER_ENT":"0721111411","CVEOPERORI":"","CVEGEO":"0710102370490800","CVE_ENT":"07","CVE_MUN":"101","CVE_LOC":"0237","CVE_AGEB":"0490","CVE_MZA":"","NOMGEO":"El Sabinito","PLANO":"N","ORIGEN":1}},{"type":"Feature","id":"14","geometry":{"type":"Point","coordinates":[3450125.9748,550953.9586]},"properties":{"ATRIBUTOS":"","CVE_OPER_ENT":"0721111411","CVEOPERORI":"","CVEGEO":"0710102380490800","CVE_ENT":"07","CVE_MUN":"101","CVE_LOC":"0238","CVE_AGEB":"0490","CVE_MZA":"","NOMGEO":"Las Maravillas","PLANO":"N","ORIGEN":1}},{"type":"Feature","id":"15","geometry":{"type":"Point","coordinates":[3450082.2293,551032.094099998]},"properties":{"ATRIBUTOS":"","CVE_OPER_ENT":"0711111431","CVEOPERORI":"","CVEGEO":"0710102390490800","CVE_ENT":"07","CVE_MUN":"101","CVE_LOC":"0239","CVE_AGEB":"0490","CVE_MZA":"","NOMGEO":"La Preciosa","PLANO":"N","ORIGEN":1}},{"type":"Feature","id":"16","geometry":{"type":"Point","coordinates":[3450016.4203,551451.026599999]},"properties":{"ATRIBUTOS":"","CVE_OPER_ENT":"0711111431","CVEOPERORI":"","CVEGEO":"0710102400490800","CVE_ENT":"07","CVE_MUN":"101","CVE_LOC":"0240","CVE_AGEB":"0490","CVE_MZA":"","NOMGEO":"Tercera Fracción Cruz del Mojón","PLANO":"N","ORIGEN":1}},{"type":"Feature","id":"17","geometry":{"type":"Point","coordinates":[3449966.2826,551510.039799999]},"properties":{"ATRIBUTOS":"","CVE_OPER_ENT":"0721111411","CVEOPERORI":"","CVEGEO":"0710102410490800","CVE_ENT":"07","CVE_MUN":"101","CVE_LOC":"0241","CVE_AGEB":"0490","CVE_MZA":"","NOMGEO":"Santa Cruz","PLANO":"N","ORIGEN":1}},{"type":"Feature","id":"18","geometry":{"type":"Point","coordinates":[3449873.6922,551547.444499999]},"properties":{"ATRIBUTOS":"","CVE_OPER_ENT":"0721111411","CVEOPERORI":"","CVEGEO":"0710102420490800","CVE_ENT":"07","CVE_MUN":"101","CVE_LOC":"0242","CVE_AGEB":"0490","CVE_MZA":"","NOMGEO":"San Antonio","PLANO":"N","ORIGEN":1}},{"type":"Feature","id":"19","geometry":{"type":"Point","coordinates":[3449978.6063,551287.249400001]},"properties":{"ATRIBUTOS":"","CVE_OPER_ENT":"0711111431","CVEOPERORI":"","CVEGEO":"0710102430490800","CVE_ENT":"07","CVE_MUN":"101","CVE_LOC":"0243","CVE_AGEB":"0490","CVE_MZA":"","NOMGEO":"Quinta Guadalupe","PLANO":"N","ORIGEN":1}},{"type":"Feature","id":"20","geometry":{"type":"Point","coordinates":[3449825.4086,551657.9967]},"properties":{"ATRIBUTOS":"","CVE_OPER_ENT":"0711111431","CVEOPERORI":"","CVEGEO":"0710102440490800","CVE_ENT":"07","CVE_MUN":"101","CVE_LOC":"0244","CVE_AGEB":"0490","CVE_MZA":"","NOMGEO":"Villa Acacia","PLANO":"N","ORIGEN":1}},{"type":"Feature","id":"21","geometry":{"type":"Point","coordinates":[3451364.0778,550035.7513]},"properties":{"ATRIBUTOS":"","CVE_OPER_ENT":"0711111431","CVEOPERORI":"","CVEGEO":"0710102450490800","CVE_ENT":"07","CVE_MUN":"101","CVE_LOC":"0245","CVE_AGEB":"0490","CVE_MZA":"","NOMGEO":"San Juditas","PLANO":"N","ORIGEN":1}},{"type":"Feature","id":"22","geometry":{"type":"Point","coordinates":[3449729.4635,551140.484700002]},"properties":{"ATRIBUTOS":"","CVE_OPER_ENT":"0711111431","CVEOPERORI":"","CVEGEO":"0710102460490800","CVE_ENT":"07","CVE_MUN":"101","CVE_LOC":"0246","CVE_AGEB":"0490","CVE_MZA":"","NOMGEO":"Los Sabinos","PLANO":"N","ORIGEN":1}},{"type":"Feature","id":"23","geometry":{"type":"Point","coordinates":[3449797.4978,551448.687199999]},"properties":{"ATRIBUTOS":"","CVE_OPER_ENT":"0711111431","CVEOPERORI":"","CVEGEO":"0710102480490800","CVE_ENT":"07","CVE_MUN":"101","CVE_LOC":"0248","CVE_AGEB":"0490","CVE_MZA":"","NOMGEO":"Quinta Primavera","PLANO":"N","ORIGEN":1}},{"type":"Feature","id":"24","geometry":{"type":"Point","coordinates":[3449846.0464,551353.019699998]},"properties":{"ATRIBUTOS":"","CVE_OPER_ENT":"0721111411","CVEOPERORI":"","CVEGEO":"0710102490490800","CVE_ENT":"07","CVE_MUN":"101","CVE_LOC":"0249","CVE_AGEB":"0490","CVE_MZA":"","NOMGEO":"San Agustín [Unidad de Atención a la Salud Mental]","PLANO":"N","ORIGEN":1}},{"type":"Feature","id":"25","geometry":{"type":"Point","coordinates":[3450439.1705,550356.1723]},"properties":{"ATRIBUTOS":"","CVE_OPER_ENT":"0711111431","CVEOPERORI":"","CVEGEO":"0710102510490800","CVE_ENT":"07","CVE_MUN":"101","CVE_LOC":"0251","CVE_AGEB":"0490","CVE_MZA":"","NOMGEO":"Santa Fe","PLANO":"N","ORIGEN":1}},{"type":"Feature","id":"26","geometry":{"type":"Point","coordinates":[3450096.0938,550697.417800002]},"properties":{"ATRIBUTOS":"","CVE_OPER_ENT":"0721111411","CVEOPERORI":"","CVEGEO":"0710102520490800","CVE_ENT":"07","CVE_MUN":"101","CVE_LOC":"0252","CVE_AGEB":"0490","CVE_MZA":"","NOMGEO":"Buenavista","PLANO":"N","ORIGEN":1}},{"type":"Feature","id":"27","geometry":{"type":"Point","coordinates":[3450224.9673,550460.425700001]},"properties":{"ATRIBUTOS":"","CVE_OPER_ENT":"0711111431","CVEOPERORI":"","CVEGEO":"0710102530490800","CVE_ENT":"07","CVE_MUN":"101","CVE_LOC":"0253","CVE_AGEB":"0490","CVE_MZA":"","NOMGEO":"Los Olivos","PLANO":"N","ORIGEN":1}},{"type":"Feature","id":"28","geometry":{"type":"Point","coordinates":[3450254.9517,549559.096099999]},"properties":{"ATRIBUTOS":"","CVE_OPER_ENT":"0711111431","CVEOPERORI":"","CVEGEO":"0710102540490800","CVE_ENT":"07","CVE_MUN":"101","CVE_LOC":"0254","CVE_AGEB":"0490","CVE_MZA":"","NOMGEO":"San Vicente el Alto","PLANO":"N","ORIGEN":1}},{"type":"Feature","id":"29","geometry":{"type":"Point","coordinates":[3450325.0511,550050.3719]},"properties":{"ATRIBUTOS":"","CVE_OPER_ENT":"0711111431","CVEOPERORI":"","CVEGEO":"0710102550490800","CVE_ENT":"07","CVE_MUN":"101","CVE_LOC":"0255","CVE_AGEB":"0490","CVE_MZA":"","NOMGEO":"Flamboyán","PLANO":"N","ORIGEN":1}},{"type":"Feature","id":"30","geometry":{"type":"Point","coordinates":[3449839.5173,550982.3127]},"properties":{"ATRIBUTOS":"","CVE_OPER_ENT":"0721111411","CVEOPERORI":"","CVEGEO":"0710102560490800","CVE_ENT":"07","CVE_MUN":"101","CVE_LOC":"0256","CVE_AGEB":"0490","CVE_MZA":"","NOMGEO":"Llano de la Virgen","PLANO":"N","ORIGEN":1}},{"type":"Feature","id":"31","geometry":{"type":"Point","coordinates":[3451289.602,549868.729200002]},"properties":{"ATRIBUTOS":"","CVE_OPER_ENT":"0711111431","CVEOPERORI":"","CVEGEO":"0710102570490800","CVE_ENT":"07","CVE_MUN":"101","CVE_LOC":"0257","CVE_AGEB":"0490","CVE_MZA":"","NOMGEO":"El Naranjito","PLANO":"N","ORIGEN":1}},{"type":"Feature","id":"32","geometry":{"type":"Point","coordinates":[3449945.6366,551993.624200001]},"properties":{"ATRIBUTOS":"","CVE_OPER_ENT":"0711111431","CVEOPERORI":"","CVEGEO":"0710102580490800","CVE_ENT":"07","CVE_MUN":"101","CVE_LOC":"0258","CVE_AGEB":"0490","CVE_MZA":"","NOMGEO":"Juan María Hernández C","PLANO":"N","ORIGEN":1}},{"type":"Feature","id":"33","geometry":{"type":"Point","coordinates":[3449777.6775,552118.674199998]},"properties":{"ATRIBUTOS":"","CVE_OPER_ENT":"0721111411","CVEOPERORI":"","CVEGEO":"0710102590490800","CVE_ENT":"07","CVE_MUN":"101","CVE_LOC":"0259","CVE_AGEB":"0490","CVE_MZA":"","NOMGEO":"Roberto Trujillo López","PLANO":"N","ORIGEN":1}},{"type":"Feature","id":"34","geometry":{"type":"Point","coordinates":[3450303.0067,550944.8763]},"properties":{"ATRIBUTOS":"","CVE_OPER_ENT":"0711111431","CVEOPERORI":"","CVEGEO":"0710102610490800","CVE_ENT":"07","CVE_MUN":"101","CVE_LOC":"0261","CVE_AGEB":"0490","CVE_MZA":"","NOMGEO":"Suñimatza","PLANO":"N","ORIGEN":1}},{"type":"Feature","id":"35","geometry":{"type":"Point","coordinates":[3449990.1118,551676.3717]},"properties":{"ATRIBUTOS":"","CVE_OPER_ENT":"0721111411","CVEOPERORI":"","CVEGEO":"0710102650490800","CVE_ENT":"07","CVE_MUN":"101","CVE_LOC":"0265","CVE_AGEB":"0490","CVE_MZA":"","NOMGEO":"Llano Redondo","PLANO":"N","ORIGEN":1}},{"type":"Feature","id":"36","geometry":{"type":"Point","coordinates":[3449517.3096,552669.974599998]},"properties":{"ATRIBUTOS":"","CVE_OPER_ENT":"0711111431","CVEOPERORI":"","CVEGEO":"0710102760490800","CVE_ENT":"07","CVE_MUN":"101","CVE_LOC":"0276","CVE_AGEB":"0490","CVE_MZA":"","NOMGEO":"Los Crisantemos","PLANO":"N","ORIGEN":1}},{"type":"Feature","id":"37","geometry":{"type":"Point","coordinates":[3451524.2945,550173.834600002]},"properties":{"ATRIBUTOS":"","CVE_OPER_ENT":"0711111431","CVEOPERORI":"","CVEGEO":"0710102770490800","CVE_ENT":"07","CVE_MUN":"101","CVE_LOC":"0277","CVE_AGEB":"0490","CVE_MZA":"","NOMGEO":"Agua Escondida","PLANO":"N","ORIGEN":1}},{"type":"Feature","id":"38","geometry":{"type":"Point","coordinates":[3448960.4144,555052.7907]},"properties":{"ATRIBUTOS":"","CVE_OPER_ENT":"0711111431","CVEOPERORI":"","CVEGEO":"0710102810490800","CVE_ENT":"07","CVE_MUN":"101","CVE_LOC":"0281","CVE_AGEB":"0490","CVE_MZA":"","NOMGEO":"Triturados Copoya","PLANO":"N","ORIGEN":1}},{"type":"Feature","id":"39","geometry":{"type":"Point","coordinates":[3450142.8945,550426.544599999]},"properties":{"ATRIBUTOS":"","CVE_OPER_ENT":"0711111431","CVEOPERORI":"","CVEGEO":"0710102930490800","CVE_ENT":"07","CVE_MUN":"101","CVE_LOC":"0293","CVE_AGEB":"0490","CVE_MZA":"","NOMGEO":"San Juan","PLANO":"N","ORIGEN":1}},{"type":"Feature","id":"40","geometry":{"type":"Point","coordinates":[3449747.5175,551828.313000001]},"properties":{"ATRIBUTOS":"","CVE_OPER_ENT":"0711111431","CVEOPERORI":"","CVEGEO":"0710102940490800","CVE_ENT":"07","CVE_MUN":"101","CVE_LOC":"0294","CVE_AGEB":"0490","CVE_MZA":"","NOMGEO":"Dos Hermanos","PLANO":"N","ORIGEN":1}},{"type":"Feature","id":"41","geometry":{"type":"Point","coordinates":[3449948.8028,551784.240899999]},"properties":{"ATRIBUTOS":"","CVE_OPER_ENT":"0721111411","CVEOPERORI":"","CVEGEO":"0710102950490800","CVE_ENT":"07","CVE_MUN":"101","CVE_LOC":"0295","CVE_AGEB":"0490","CVE_MZA":"","NOMGEO":"San Gabriel","PLANO":"N","ORIGEN":1}},{"type":"Feature","id":"42","geometry":{"type":"Point","coordinates":[3455271.0986,551062.652600002]},"properties":{"ATRIBUTOS":"","CVE_OPER_ENT":"0711111432","CVEOPERORI":"","CVEGEO":"0710102970490800","CVE_ENT":"07","CVE_MUN":"101","CVE_LOC":"0297","CVE_AGEB":"0490","CVE_MZA":"","NOMGEO":"San Rafael","PLANO":"N","ORIGEN":1}},{"type":"Feature","id":"43","geometry":{"type":"Point","coordinates":[3454964.5865,554725.010600001]},"properties":{"ATRIBUTOS":"","CVE_OPER_ENT":"0711111432","CVEOPERORI":"","CVEGEO":"0710103050490800","CVE_ENT":"07","CVE_MUN":"101","CVE_LOC":"0305","CVE_AGEB":"0490","CVE_MZA":"","NOMGEO":"El Paraíso","PLANO":"N","ORIGEN":1}},{"type":"Feature","id":"44","geometry":{"type":"Point","coordinates":[3450961.5017,553851.683600001]},"properties":{"ATRIBUTOS":"","CVE_OPER_ENT":"0711111432","CVEOPERORI":"","CVEGEO":"0710103060490800","CVE_ENT":"07","CVE_MUN":"101","CVE_LOC":"0306","CVE_AGEB":"0490","CVE_MZA":"","NOMGEO":"Pomarrosa","PLANO":"N","ORIGEN":1}},{"type":"Feature","id":"45","geometry":{"type":"Point","coordinates":[3449166.947,550571.392099999]},"properties":{"ATRIBUTOS":"","CVE_OPER_ENT":"0711111431","CVEOPERORI":"","CVEGEO":"0710103080490800","CVE_ENT":"07","CVE_MUN":"101","CVE_LOC":"0308","CVE_AGEB":"0490","CVE_MZA":"","NOMGEO":"Los Sabinos","PLANO":"N","ORIGEN":1}},{"type":"Feature","id":"46","geometry":{"type":"Point","coordinates":[3451056.2508,549996.6461]},"properties":{"ATRIBUTOS":"","CVE_OPER_ENT":"0711111431","CVEOPERORI":"","CVEGEO":"0710103100490800","CVE_ENT":"07","CVE_MUN":"101","CVE_LOC":"0310","CVE_AGEB":"0490","CVE_MZA":"","NOMGEO":"San Antonio","PLANO":"N","ORIGEN":1}},{"type":"Feature","id":"47","geometry":{"type":"Point","coordinates":[3450316.7647,549677.9113]},"properties":{"ATRIBUTOS":"","CVE_OPER_ENT":"0711111431","CVEOPERORI":"","CVEGEO":"0710103110490800","CVE_ENT":"07","CVE_MUN":"101","CVE_LOC":"0311","CVE_AGEB":"0490","CVE_MZA":"","NOMGEO":"San Antonio","PLANO":"N","ORIGEN":1}},{"type":"Feature","id":"48","geometry":{"type":"Point","coordinates":[3451717.8551,554664.300999999]},"properties":{"ATRIBUTOS":"","CVE_OPER_ENT":"0711111432","CVEOPERORI":"","CVEGEO":"0710103120490800","CVE_ENT":"07","CVE_MUN":"101","CVE_LOC":"0312","CVE_AGEB":"0490","CVE_MZA":"","NOMGEO":"San Antonio (El Carrizal)","PLANO":"N","ORIGEN":1}},{"type":"Feature","id":"49","geometry":{"type":"Point","coordinates":[3446663.0336,549236.7958]},"properties":{"ATRIBUTOS":"","CVE_OPER_ENT":"0711111431","CVEOPERORI":"","CVEGEO":"0710103200490800","CVE_ENT":"07","CVE_MUN":"101","CVE_LOC":"0320","CVE_AGEB":"0490","CVE_MZA":"","NOMGEO":"La Zondina","PLANO":"N","ORIGEN":1}},{"type":"Feature","id":"50","geometry":{"type":"Point","coordinates":[3455643.5026,556701.734299999]},"properties":{"ATRIBUTOS":"","CVE_OPER_ENT":"0711111432","CVEOPERORI":"","CVEGEO":"0710103210490800","CVE_ENT":"07","CVE_MUN":"101","CVE_LOC":"0321","CVE_AGEB":"0490","CVE_MZA":"","NOMGEO":"Zona de Tolerancia [Zona Galáctica]","PLANO":"N","ORIGEN":1}},{"type":"Feature","id":"51","geometry":{"type":"Point","coordinates":[3449809.8384,551190.6382]},"properties":{"ATRIBUTOS":"","CVE_OPER_ENT":"0721111411","CVEOPERORI":"","CVEGEO":"0710103230490800","CVE_ENT":"07","CVE_MUN":"101","CVE_LOC":"0323","CVE_AGEB":"0490","CVE_MZA":"","NOMGEO":"Residencial la Cabaña","PLANO":"N","ORIGEN":1}},{"type":"Feature","id":"52","geometry":{"type":"Point","coordinates":[3451227.1119,550051.602400001]},"properties":{"ATRIBUTOS":"","CVE_OPER_ENT":"0711111431","CVEOPERORI":"","CVEGEO":"0710103250490800","CVE_ENT":"07","CVE_MUN":"101","CVE_LOC":"0325","CVE_AGEB":"0490","CVE_MZA":"","NOMGEO":"Quinta Beatriz","PLANO":"N","ORIGEN":1}},{"type":"Feature","id":"53","geometry":{"type":"Point","coordinates":[3448098.4472,552682.155999999]},"properties":{"ATRIBUTOS":"","CVE_OPER_ENT":"0711111431","CVEOPERORI":"","CVEGEO":"0710103270490800","CVE_ENT":"07","CVE_MUN":"101","CVE_LOC":"0327","CVE_AGEB":"0490","CVE_MZA":"","NOMGEO":"El Carmen","PLANO":"N","ORIGEN":1}},{"type":"Feature","id":"54","geometry":{"type":"Point","coordinates":[3449411.2355,552478.890099999]},"properties":{"ATRIBUTOS":"","CVE_OPER_ENT":"0721111411","CVEOPERORI":"","CVEGEO":"0710103310490800","CVE_ENT":"07","CVE_MUN":"101","CVE_LOC":"0331","CVE_AGEB":"0490","CVE_MZA":"","NOMGEO":"El Tempisque","PLANO":"N","ORIGEN":1}},{"type":"Feature","id":"55","geometry":{"type":"Point","coordinates":[3447891.5806,552178.2434]},"properties":{"ATRIBUTOS":"","CVE_OPER_ENT":"0711111431","CVEOPERORI":"","CVEGEO":"0710103370490800","CVE_ENT":"07","CVE_MUN":"101","CVE_LOC":"0337","CVE_AGEB":"0490","CVE_MZA":"","NOMGEO":"La Pimienta","PLANO":"N","ORIGEN":1}},{"type":"Feature","id":"56","geometry":{"type":"Point","coordinates":[3450020.1674,551238.037300002]},"properties":{"ATRIBUTOS":"","CVE_OPER_ENT":"0711111431","CVEOPERORI":"","CVEGEO":"0710103380490800","CVE_ENT":"07","CVE_MUN":"101","CVE_LOC":"0338","CVE_AGEB":"0490","CVE_MZA":"","NOMGEO":"Quinta Carolina","PLANO":"N","ORIGEN":1}},{"type":"Feature","id":"57","geometry":{"type":"Point","coordinates":[3447146.4678,550010.978599999]},"properties":{"ATRIBUTOS":"","CVE_OPER_ENT":"0711111431","CVEOPERORI":"","CVEGEO":"0710103410490800","CVE_ENT":"07","CVE_MUN":"101","CVE_LOC":"0341","CVE_AGEB":"0490","CVE_MZA":"","NOMGEO":"San José Lahualoyo","PLANO":"N","ORIGEN":1}},{"type":"Feature","id":"58","geometry":{"type":"Point","coordinates":[3454421.4181,551913.405999999]},"properties":{"ATRIBUTOS":"","CVE_OPER_ENT":"0711111432","CVEOPERORI":"","CVEGEO":"0710103420490800","CVE_ENT":"07","CVE_MUN":"101","CVE_LOC":"0342","CVE_AGEB":"0490","CVE_MZA":"","NOMGEO":"San Miguel de Sierra Grande","PLANO":"N","ORIGEN":1}},{"type":"Feature","id":"59","geometry":{"type":"Point","coordinates":[3449658.8937,552091.523400001]},"properties":{"ATRIBUTOS":"","CVE_OPER_ENT":"0721111411","CVEOPERORI":"","CVEGEO":"0710103440490800","CVE_ENT":"07","CVE_MUN":"101","CVE_LOC":"0344","CVE_AGEB":"0490","CVE_MZA":"","NOMGEO":"Santa Trinidad","PLANO":"N","ORIGEN":1}},{"type":"Feature","id":"60","geometry":{"type":"Point","coordinates":[3449627.8059,552202.8961]},"properties":{"ATRIBUTOS":"","CVE_OPER_ENT":"0711111431","CVEOPERORI":"","CVEGEO":"0710103460490800","CVE_ENT":"07","CVE_MUN":"101","CVE_LOC":"0346","CVE_AGEB":"0490","CVE_MZA":"","NOMGEO":"El Texano","PLANO":"N","ORIGEN":1}},{"type":"Feature","id":"61","geometry":{"type":"Point","coordinates":[3450027.3214,549240.288400002]},"properties":{"ATRIBUTOS":"","CVE_OPER_ENT":"0711111431","CVEOPERORI":"","CVEGEO":"0710103470490800","CVE_ENT":"07","CVE_MUN":"101","CVE_LOC":"0347","CVE_AGEB":"0490","CVE_MZA":"","NOMGEO":"El Dólar","PLANO":"N","ORIGEN":1}},{"type":"Feature","id":"62","geometry":{"type":"Point","coordinates":[3454004.5767,554917.990899999]},"properties":{"ATRIBUTOS":"","CVE_OPER_ENT":"0711111432","CVEOPERORI":"","CVEGEO":"0710103590490800","CVE_ENT":"07","CVE_MUN":"101","CVE_LOC":"0359","CVE_AGEB":"0490","CVE_MZA":"","NOMGEO":"El Zapote Negro","PLANO":"N","ORIGEN":1}},{"type":"Feature","id":"63","geometry":{"type":"Point","coordinates":[3451164.0312,549902.626899999]},"properties":{"ATRIBUTOS":"","CVE_OPER_ENT":"0711111431","CVEOPERORI":"","CVEGEO":"0710103700490800","CVE_ENT":"07","CVE_MUN":"101","CVE_LOC":"0370","CVE_AGEB":"0490","CVE_MZA":"","NOMGEO":"Esquipulas","PLANO":"N","ORIGEN":1}},{"type":"Feature","id":"64","geometry":{"type":"Point","coordinates":[3449022.1614,551079.453699999]},"properties":{"ATRIBUTOS":"","CVE_OPER_ENT":"0711111431","CVEOPERORI":"","CVEGEO":"0710103710490800","CVE_ENT":"07","CVE_MUN":"101","CVE_LOC":"0371","CVE_AGEB":"0490","CVE_MZA":"","NOMGEO":"Hernán Cundapí","PLANO":"N","ORIGEN":1}},{"type":"Feature","id":"65","geometry":{"type":"Point","coordinates":[3449285.6385,551357.028099999]},"properties":{"ATRIBUTOS":"","CVE_OPER_ENT":"0711111431","CVEOPERORI":"","CVEGEO":"0710103720490800","CVE_ENT":"07","CVE_MUN":"101","CVE_LOC":"0372","CVE_AGEB":"0490","CVE_MZA":"","NOMGEO":"Jesús Espinoza","PLANO":"N","ORIGEN":1}},{"type":"Feature","id":"66","geometry":{"type":"Point","coordinates":[3454832.0226,554592.848999999]},"properties":{"ATRIBUTOS":"","CVE_OPER_ENT":"0711111432","CVEOPERORI":"","CVEGEO":"0710103730490800","CVE_ENT":"07","CVE_MUN":"101","CVE_LOC":"0373","CVE_AGEB":"0490","CVE_MZA":"","NOMGEO":"Las Margaritas","PLANO":"N","ORIGEN":1}},{"type":"Feature","id":"67","geometry":{"type":"Point","coordinates":[3455043.5794,554643.5112]},"properties":{"ATRIBUTOS":"","CVE_OPER_ENT":"0721111412","CVEOPERORI":"","CVEGEO":"0710103760490800","CVE_ENT":"07","CVE_MUN":"101","CVE_LOC":"0376","CVE_AGEB":"0490","CVE_MZA":"","NOMGEO":"Las Murallas","PLANO":"N","ORIGEN":1}},{"type":"Feature","id":"68","geometry":{"type":"Point","coordinates":[3451142.484,549946.912599999]},"properties":{"ATRIBUTOS":"","CVE_OPER_ENT":"0711111431","CVEOPERORI":"","CVEGEO":"0710103790490800","CVE_ENT":"07","CVE_MUN":"101","CVE_LOC":"0379","CVE_AGEB":"0490","CVE_MZA":"","NOMGEO":"El Paraíso","PLANO":"N","ORIGEN":1}},{"type":"Feature","id":"69","geometry":{"type":"Point","coordinates":[3448888.5019,551267.939100001]},"properties":{"ATRIBUTOS":"","CVE_OPER_ENT":"0711111431","CVEOPERORI":"","CVEGEO":"0710103800490800","CVE_ENT":"07","CVE_MUN":"101","CVE_LOC":"0380","CVE_AGEB":"0490","CVE_MZA":"","NOMGEO":"Puente Viejo","PLANO":"N","ORIGEN":1}},{"type":"Feature","id":"70","geometry":{"type":"Point","coordinates":[3449446.4361,551131.393199999]},"properties":{"ATRIBUTOS":"","CVE_OPER_ENT":"0711111431","CVEOPERORI":"","CVEGEO":"0710103820490800","CVE_ENT":"07","CVE_MUN":"101","CVE_LOC":"0382","CVE_AGEB":"0490","CVE_MZA":"","NOMGEO":"Quinta Amelia","PLANO":"N","ORIGEN":1}},{"type":"Feature","id":"71","geometry":{"type":"Point","coordinates":[3449676.9712,552013.953699999]},"properties":{"ATRIBUTOS":"","CVE_OPER_ENT":"0721111411","CVEOPERORI":"","CVEGEO":"0710103830490800","CVE_ENT":"07","CVE_MUN":"101","CVE_LOC":"0383","CVE_AGEB":"0490","CVE_MZA":"","NOMGEO":"Quinta Concordia","PLANO":"N","ORIGEN":1}},{"type":"Feature","id":"72","geometry":{"type":"Point","coordinates":[3449009.4924,550913.7225]},"properties":{"ATRIBUTOS":"","CVE_OPER_ENT":"0711111431","CVEOPERORI":"","CVEGEO":"0710103840490800","CVE_ENT":"07","CVE_MUN":"101","CVE_LOC":"0384","CVE_AGEB":"0490","CVE_MZA":"","NOMGEO":"San José","PLANO":"N","ORIGEN":1}},{"type":"Feature","id":"73","geometry":{"type":"Point","coordinates":[3454015.6316,555119.555100001]},"properties":{"ATRIBUTOS":"","CVE_OPER_ENT":"0711111432","CVEOPERORI":"","CVEGEO":"0710103850490800","CVE_ENT":"07","CVE_MUN":"101","CVE_LOC":"0385","CVE_AGEB":"0490","CVE_MZA":"","NOMGEO":"San Luis","PLANO":"N","ORIGEN":1}},{"type":"Feature","id":"74","geometry":{"type":"Point","coordinates":[3448259.4723,552338.2619]},"properties":{"ATRIBUTOS":"","CVE_OPER_ENT":"0711111431","CVEOPERORI":"","CVEGEO":"0710103870490800","CVE_ENT":"07","CVE_MUN":"101","CVE_LOC":"0387","CVE_AGEB":"0490","CVE_MZA":"","NOMGEO":"Tres Hermanos","PLANO":"N","ORIGEN":1}},{"type":"Feature","id":"75","geometry":{"type":"Point","coordinates":[3455401.4423,553878.458799999]},"properties":{"ATRIBUTOS":"","CVE_OPER_ENT":"0711111432","CVEOPERORI":"","CVEGEO":"0710103910490800","CVE_ENT":"07","CVE_MUN":"101","CVE_LOC":"0391","CVE_AGEB":"0490","CVE_MZA":"","NOMGEO":"Fraternidad Antorchista","PLANO":"N","ORIGEN":1}},{"type":"Feature","id":"76","geometry":{"type":"Point","coordinates":[3449564.7336,552147.093600001]},"properties":{"ATRIBUTOS":"","CVE_OPER_ENT":"0711111431","CVEOPERORI":"","CVEGEO":"0710103920490800","CVE_ENT":"07","CVE_MUN":"101","CVE_LOC":"0392","CVE_AGEB":"0490","CVE_MZA":"","NOMGEO":"La Guarida del Tigre","PLANO":"N","ORIGEN":1}},{"type":"Feature","id":"77","geometry":{"type":"Point","coordinates":[3456289.1079,556164.200199999]},"properties":{"ATRIBUTOS":"","CVE_OPER_ENT":"0711111432","CVEOPERORI":"","CVEGEO":"0710103940490800","CVE_ENT":"07","CVE_MUN":"101","CVE_LOC":"0394","CVE_AGEB":"0490","CVE_MZA":"","NOMGEO":"Mi Lupita","PLANO":"N","ORIGEN":1}},{"type":"Feature","id":"78","geometry":{"type":"Point","coordinates":[3452454.9545,550350.4124]},"properties":{"ATRIBUTOS":"","CVE_OPER_ENT":"0711111431","CVEOPERORI":"","CVEGEO":"0710103960490800","CVE_ENT":"07","CVE_MUN":"101","CVE_LOC":"0396","CVE_AGEB":"0490","CVE_MZA":"","NOMGEO":"Los 3 Potrillos","PLANO":"N","ORIGEN":1}},{"type":"Feature","id":"79","geometry":{"type":"Point","coordinates":[3449654.0275,551876.891399998]},"properties":{"ATRIBUTOS":"","CVE_OPER_ENT":"0711111431","CVEOPERORI":"","CVEGEO":"0710103970490800","CVE_ENT":"07","CVE_MUN":"101","CVE_LOC":"0397","CVE_AGEB":"0490","CVE_MZA":"","NOMGEO":"San Diego","PLANO":"N","ORIGEN":1}},{"type":"Feature","id":"80","geometry":{"type":"Point","coordinates":[3447166.0021,554693.053800002]},"properties":{"ATRIBUTOS":"","CVE_OPER_ENT":"0711111431","CVEOPERORI":"","CVEGEO":"0710104040490800","CVE_ENT":"07","CVE_MUN":"101","CVE_LOC":"0404","CVE_AGEB":"0490","CVE_MZA":"","NOMGEO":"Las Margaritas","PLANO":"N","ORIGEN":1}},{"type":"Feature","id":"81","geometry":{"type":"Point","coordinates":[3454417.3677,555279.3061]},"properties":{"ATRIBUTOS":"","CVE_OPER_ENT":"0711111432","CVEOPERORI":"","CVEGEO":"0710104050490800","CVE_ENT":"07","CVE_MUN":"101","CVE_LOC":"0405","CVE_AGEB":"0490","CVE_MZA":"","NOMGEO":"San Francisco Javier","PLANO":"N","ORIGEN":1}},{"type":"Feature","id":"82","geometry":{"type":"Point","coordinates":[3444011.7206,552925.752700001]},"properties":{"ATRIBUTOS":"","CVE_OPER_ENT":"0711111431","CVEOPERORI":"","CVEGEO":"0710104140490800","CVE_ENT":"07","CVE_MUN":"101","CVE_LOC":"0414","CVE_AGEB":"0490","CVE_MZA":"","NOMGEO":"San Pedro","PLANO":"N","ORIGEN":1}},{"type":"Feature","id":"83","geometry":{"type":"Point","coordinates":[3449369.4912,552621.157499999]},"properties":{"ATRIBUTOS":"","CVE_OPER_ENT":"0711111431","CVEOPERORI":"","CVEGEO":"0710104150490800","CVE_ENT":"07","CVE_MUN":"101","CVE_LOC":"0415","CVE_AGEB":"0490","CVE_MZA":"","NOMGEO":"Quinta María","PLANO":"N","ORIGEN":1}},{"type":"Feature","id":"84","geometry":{"type":"Point","coordinates":[3449715.077,551278.778000001]},"properties":{"ATRIBUTOS":"","CVE_OPER_ENT":"0711111431","CVEOPERORI":"","CVEGEO":"0710104170490800","CVE_ENT":"07","CVE_MUN":"101","CVE_LOC":"0417","CVE_AGEB":"0490","CVE_MZA":"","NOMGEO":"Villa Candox","PLANO":"N","ORIGEN":1}},{"type":"Feature","id":"85","geometry":{"type":"Point","coordinates":[3447309.7992,554872.232000001]},"properties":{"ATRIBUTOS":"","CVE_OPER_ENT":"0711111431","CVEOPERORI":"","CVEGEO":"0710104180490800","CVE_ENT":"07","CVE_MUN":"101","CVE_LOC":"0418","CVE_AGEB":"0490","CVE_MZA":"","NOMGEO":"La Lomita","PLANO":"N","ORIGEN":1}},{"type":"Feature","id":"86","geometry":{"type":"Point","coordinates":[3450777.1042,553788.9791]},"properties":{"ATRIBUTOS":"","CVE_OPER_ENT":"0711111432","CVEOPERORI":"","CVEGEO":"0710104250490800","CVE_ENT":"07","CVE_MUN":"101","CVE_LOC":"0425","CVE_AGEB":"0490","CVE_MZA":"","NOMGEO":"El Porvenir","PLANO":"N","ORIGEN":1}}]}