{"type":"FeatureCollection","crs":{"type":"name","properties":{"name":"urn:ogc:def:crs:EPSG::7001477"}},"features":[{"type":"Feature","id":"1","geometry":{"type":"Point","coordinates":[2073720.526,2148207.9293]},"properties":{"ATRIBUTOS":"","CVE_OPER_ENT":"0811111432","CVEOPERORI":"","CVEGEO":"0803707873177800","CVE_ENT":"08","CVE_MUN":"037","CVE_LOC":"0787","CVE_AGEB":"3177","CVE_MZA":"","NOMGEO":"El Coyote","PLANO":"N","ORIGEN":1}},{"type":"Feature","id":"2","geometry":{"type":"Point","coordinates":[2073550.9404,2148536.0919]},"properties":{"ATRIBUTOS":"","CVE_OPER_ENT":"0821111112","CVEOPERORI":"","CVEGEO":"0803708123177800","CVE_ENT":"08","CVE_MUN":"037","CVE_LOC":"0812","CVE_AGEB":"3177","CVE_MZA":"","NOMGEO":"Santa Teresa","PLANO":"N","ORIGEN":1}},{"type":"Feature","id":"3","geometry":{"type":"Point","coordinates":[2077494.8584,2151632.1134]},"properties":{"ATRIBUTOS":"","CVE_OPER_ENT":"0811111433","CVEOPERORI":"","CVEGEO":"0803708413177800","CVE_ENT":"08","CVE_MUN":"037","CVE_LOC":"0841","CVE_AGEB":"3177","CVE_MZA":"","NOMGEO":"Los Téllez","PLANO":"N","ORIGEN":1}},{"type":"Feature","id":"4","geometry":{"type":"Point","coordinates":[2073513.9096,2149698.2769]},"properties":{"ATRIBUTOS":"","CVE_OPER_ENT":"0811111431","CVEOPERORI":"","CVEGEO":"0803708523177800","CVE_ENT":"08","CVE_MUN":"037","CVE_LOC":"0852","CVE_AGEB":"3177","CVE_MZA":"","NOMGEO":"Las Arenas","PLANO":"N","ORIGEN":1}},{"type":"Feature","id":"5","geometry":{"type":"Point","coordinates":[2077448.9145,2151173.7865]},"properties":{"ATRIBUTOS":"","CVE_OPER_ENT":"0821111112","CVEOPERORI":"","CVEGEO":"0803708583177800","CVE_ENT":"08","CVE_MUN":"037","CVE_LOC":"0858","CVE_AGEB":"3177","CVE_MZA":"","NOMGEO":"Las Dunas","PLANO":"N","ORIGEN":1}},{"type":"Feature","id":"6","geometry":{"type":"Point","coordinates":[2073226.4095,2149346.1655]},"properties":{"ATRIBUTOS":"","CVE_OPER_ENT":"0821111112","CVEOPERORI":"","CVEGEO":"0803708973177800","CVE_ENT":"08","CVE_MUN":"037","CVE_LOC":"0897","CVE_AGEB":"3177","CVE_MZA":"","NOMGEO":"San Pedro","PLANO":"N","ORIGEN":1}},{"type":"Feature","id":"7","geometry":{"type":"Point","coordinates":[2076144.2846,2150835.179]},"properties":{"ATRIBUTOS":"","CVE_OPER_ENT":"0811111431","CVEOPERORI":"","CVEGEO":"0803709033177800","CVE_ENT":"08","CVE_MUN":"037","CVE_LOC":"0903","CVE_AGEB":"3177","CVE_MZA":"","NOMGEO":"Santa Cruz","PLANO":"N","ORIGEN":1}},{"type":"Feature","id":"8","geometry":{"type":"Point","coordinates":[2072328.13,2146821.0833]},"properties":{"ATRIBUTOS":"","CVE_OPER_ENT":"0811111433","CVEOPERORI":"","CVEGEO":"0803710463177800","CVE_ENT":"08","CVE_MUN":"037","CVE_LOC":"1046","CVE_AGEB":"3177","CVE_MZA":"","NOMGEO":"Rancho las Águilas","PLANO":"N","ORIGEN":1}},{"type":"Feature","id":"9","geometry":{"type":"Point","coordinates":[2071926.8308,2146521.514]},"properties":{"ATRIBUTOS":"","CVE_OPER_ENT":"0811111432","CVEOPERORI":"","CVEGEO":"0803710473177800","CVE_ENT":"08","CVE_MUN":"037","CVE_LOC":"1047","CVE_AGEB":"3177","CVE_MZA":"","NOMGEO":"El Sufrido","PLANO":"N","ORIGEN":1}},{"type":"Feature","id":"10","geometry":{"type":"Point","coordinates":[2073046.2514,2149083.9903]},"properties":{"ATRIBUTOS":"","CVE_OPER_ENT":"0811111431","CVEOPERORI":"","CVEGEO":"0803710523177800","CVE_ENT":"08","CVE_MUN":"037","CVE_LOC":"1052","CVE_AGEB":"3177","CVE_MZA":"","NOMGEO":"La Caseta","PLANO":"N","ORIGEN":1}},{"type":"Feature","id":"11","geometry":{"type":"Point","coordinates":[2073049.599,2148959.7363]},"properties":{"ATRIBUTOS":"","CVE_OPER_ENT":"0811111434","CVEOPERORI":"","CVEGEO":"0803710533177800","CVE_ENT":"08","CVE_MUN":"037","CVE_LOC":"1053","CVE_AGEB":"3177","CVE_MZA":"","NOMGEO":"El Sufrido","PLANO":"N","ORIGEN":1}},{"type":"Feature","id":"12","geometry":{"type":"Point","coordinates":[2071732.5806,2146895.9325]},"properties":{"ATRIBUTOS":"","CVE_OPER_ENT":"0811111434","CVEOPERORI":"","CVEGEO":"0803710543177800","CVE_ENT":"08","CVE_MUN":"037","CVE_LOC":"1054","CVE_AGEB":"3177","CVE_MZA":"","NOMGEO":"Samalayuca [Termoeléctrica]","PLANO":"N","ORIGEN":1}},{"type":"Feature","id":"13","geometry":{"type":"Point","coordinates":[2073411.8354,2149649.8219]},"properties":{"ATRIBUTOS":"","CVE_OPER_ENT":"0821111112","CVEOPERORI":"","CVEGEO":"0803710553177800","CVE_ENT":"08","CVE_MUN":"037","CVE_LOC":"1055","CVE_AGEB":"3177","CVE_MZA":"","NOMGEO":"Rancho Gutiérrez Martínez","PLANO":"N","ORIGEN":1}},{"type":"Feature","id":"14","geometry":{"type":"Point","coordinates":[2077110.8223,2151317.6612]},"properties":{"ATRIBUTOS":"","CVE_OPER_ENT":"0811111432","CVEOPERORI":"","CVEGEO":"0803710573177800","CVE_ENT":"08","CVE_MUN":"037","CVE_LOC":"1057","CVE_AGEB":"3177","CVE_MZA":"","NOMGEO":"Rancho el Roblón","PLANO":"N","ORIGEN":1}},{"type":"Feature","id":"15","geometry":{"type":"Point","coordinates":[2073620.0337,2149564.7571]},"properties":{"ATRIBUTOS":"","CVE_OPER_ENT":"0821111112","CVEOPERORI":"","CVEGEO":"0803710583177800","CVE_ENT":"08","CVE_MUN":"037","CVE_LOC":"1058","CVE_AGEB":"3177","CVE_MZA":"","NOMGEO":"El Coronel","PLANO":"N","ORIGEN":1}},{"type":"Feature","id":"16","geometry":{"type":"Point","coordinates":[2073589.0396,2149055.3535]},"properties":{"ATRIBUTOS":"","CVE_OPER_ENT":"0811111433","CVEOPERORI":"","CVEGEO":"0803710593177800","CVE_ENT":"08","CVE_MUN":"037","CVE_LOC":"1059","CVE_AGEB":"3177","CVE_MZA":"","NOMGEO":"El Aurelio","PLANO":"N","ORIGEN":1}},{"type":"Feature","id":"17","geometry":{"type":"Point","coordinates":[2076403.426,2150826.6648]},"properties":{"ATRIBUTOS":"","CVE_OPER_ENT":"0811111431","CVEOPERORI":"","CVEGEO":"0803711023177800","CVE_ENT":"08","CVE_MUN":"037","CVE_LOC":"1102","CVE_AGEB":"3177","CVE_MZA":"","NOMGEO":"Rancho el Escorpión","PLANO":"N","ORIGEN":1}},{"type":"Feature","id":"18","geometry":{"type":"Point","coordinates":[2073313.5324,2149738.612]},"properties":{"ATRIBUTOS":"","CVE_OPER_ENT":"0811111432","CVEOPERORI":"","CVEGEO":"0803711083177800","CVE_ENT":"08","CVE_MUN":"037","CVE_LOC":"1108","CVE_AGEB":"3177","CVE_MZA":"","NOMGEO":"El Andariego","PLANO":"N","ORIGEN":1}},{"type":"Feature","id":"19","geometry":{"type":"Point","coordinates":[2077005.8106,2150961.8977]},"properties":{"ATRIBUTOS":"","CVE_OPER_ENT":"0811111432","CVEOPERORI":"","CVEGEO":"0803711153177800","CVE_ENT":"08","CVE_MUN":"037","CVE_LOC":"1115","CVE_AGEB":"3177","CVE_MZA":"","NOMGEO":"Ninguno","PLANO":"N","ORIGEN":1}},{"type":"Feature","id":"20","geometry":{"type":"Point","coordinates":[2076384.8269,2150432.2561]},"properties":{"ATRIBUTOS":"","CVE_OPER_ENT":"0821111112","CVEOPERORI":"","CVEGEO":"0803711163177800","CVE_ENT":"08","CVE_MUN":"037","CVE_LOC":"1116","CVE_AGEB":"3177","CVE_MZA":"","NOMGEO":"El Oasis","PLANO":"N","ORIGEN":1}},{"type":"Feature","id":"21","geometry":{"type":"Point","coordinates":[2076274.8841,2150878.7507]},"properties":{"ATRIBUTOS":"","CVE_OPER_ENT":"0811111431","CVEOPERORI":"","CVEGEO":"0803711173177800","CVE_ENT":"08","CVE_MUN":"037","CVE_LOC":"1117","CVE_AGEB":"3177","CVE_MZA":"","NOMGEO":"Ninguno","PLANO":"N","ORIGEN":1}},{"type":"Feature","id":"22","geometry":{"type":"Point","coordinates":[2067520.3956,2142931.8557]},"properties":{"ATRIBUTOS":"","CVE_OPER_ENT":"0821111112","CVEOPERORI":"","CVEGEO":"0803711183124800","CVE_ENT":"08","CVE_MUN":"037","CVE_LOC":"1118","CVE_AGEB":"3124","CVE_MZA":"","NOMGEO":"El Huérfano","PLANO":"N","ORIGEN":1}}]}