{"type":"FeatureCollection","crs":{"type":"name","properties":{"name":"urn:ogc:def:crs:EPSG::7001477"}},"features":[{"type":"Feature","id":"1","geometry":{"type":"Point","coordinates":[3449517.3096,552669.974599998]},"properties":{"ATRIBUTOS":"","CVE_OPER_ENT":"0711111431","CVEOPERORI":"","CVEGEO":"0710102760490800","CVE_ENT":"07","CVE_MUN":"101","CVE_LOC":"0276","CVE_AGEB":"0490","CVE_MZA":"","NOMGEO":"Los Crisantemos","PLANO":"N","ORIGEN":1}},{"type":"Feature","id":"2","geometry":{"type":"Point","coordinates":[3448960.4144,555052.7907]},"properties":{"ATRIBUTOS":"","CVE_OPER_ENT":"0711111431","CVEOPERORI":"","CVEGEO":"0710102810490800","CVE_ENT":"07","CVE_MUN":"101","CVE_LOC":"0281","CVE_AGEB":"0490","CVE_MZA":"","NOMGEO":"Triturados Copoya","PLANO":"N","ORIGEN":1}},{"type":"Feature","id":"3","geometry":{"type":"Point","coordinates":[3450961.5017,553851.683600001]},"properties":{"ATRIBUTOS":"","CVE_OPER_ENT":"0711111432","CVEOPERORI":"","CVEGEO":"0710103060490800","CVE_ENT":"07","CVE_MUN":"101","CVE_LOC":"0306","CVE_AGEB":"0490","CVE_MZA":"","NOMGEO":"Pomarrosa","PLANO":"N","ORIGEN":1}},{"type":"Feature","id":"4","geometry":{"type":"Point","coordinates":[3449411.2355,552478.890099999]},"properties":{"ATRIBUTOS":"","CVE_OPER_ENT":"0721111411","CVEOPERORI":"","CVEGEO":"0710103310490800","CVE_ENT":"07","CVE_MUN":"101","CVE_LOC":"0331","CVE_AGEB":"0490","CVE_MZA":"","NOMGEO":"El Tempisque","PLANO":"N","ORIGEN":1}},{"type":"Feature","id":"5","geometry":{"type":"Point","coordinates":[3449982.7065,554152.731199998]},"properties":{"ATRIBUTOS":"","CVE_OPER_ENT":"0721111412","CVEOPERORI":"","CVEGEO":"0710103350490800","CVE_ENT":"07","CVE_MUN":"101","CVE_LOC":"0335","CVE_AGEB":"0490","CVE_MZA":"","NOMGEO":"San Diego","PLANO":"N","ORIGEN":1}},{"type":"Feature","id":"6","geometry":{"type":"Point","coordinates":[3447166.0021,554693.053800002]},"properties":{"ATRIBUTOS":"","CVE_OPER_ENT":"0711111431","CVEOPERORI":"","CVEGEO":"0710104040490800","CVE_ENT":"07","CVE_MUN":"101","CVE_LOC":"0404","CVE_AGEB":"0490","CVE_MZA":"","NOMGEO":"Las Margaritas","PLANO":"N","ORIGEN":1}},{"type":"Feature","id":"7","geometry":{"type":"Point","coordinates":[3449369.4912,552621.157499999]},"properties":{"ATRIBUTOS":"","CVE_OPER_ENT":"0711111431","CVEOPERORI":"","CVEGEO":"0710104150490800","CVE_ENT":"07","CVE_MUN":"101","CVE_LOC":"0415","CVE_AGEB":"0490","CVE_MZA":"","NOMGEO":"Quinta María","PLANO":"N","ORIGEN":1}},{"type":"Feature","id":"8","geometry":{"type":"Point","coordinates":[3447309.7992,554872.232000001]},"properties":{"ATRIBUTOS":"","CVE_OPER_ENT":"0711111431","CVEOPERORI":"","CVEGEO":"0710104180490800","CVE_ENT":"07","CVE_MUN":"101","CVE_LOC":"0418","CVE_AGEB":"0490","CVE_MZA":"","NOMGEO":"La Lomita","PLANO":"N","ORIGEN":1}},{"type":"Feature","id":"9","geometry":{"type":"Point","coordinates":[3450777.1042,553788.9791]},"properties":{"ATRIBUTOS":"","CVE_OPER_ENT":"0711111432","CVEOPERORI":"","CVEGEO":"0710104250490800","CVE_ENT":"07","CVE_MUN":"101","CVE_LOC":"0425","CVE_AGEB":"0490","CVE_MZA":"","NOMGEO":"El Porvenir","PLANO":"N","ORIGEN":1}}]}