{"type":"FeatureCollection","crs":{"type":"name","properties":{"name":"urn:ogc:def:crs:EPSG::7001477"}},"features":[{"type":"Feature","id":"1","geometry":{"type":"Point","coordinates":[2077285.7369,2157284.2777]},"properties":{"ATRIBUTOS":"","CVE_OPER_ENT":"0811111431","CVEOPERORI":"","CVEGEO":"0803700093124800","CVE_ENT":"08","CVE_MUN":"037","CVE_LOC":"0009","CVE_AGEB":"3124","CVE_MZA":"","NOMGEO":"Gloria a Dios","PLANO":"N","ORIGEN":1}},{"type":"Feature","id":"2","geometry":{"type":"Point","coordinates":[2067094.4436,2150685.6644]},"properties":{"ATRIBUTOS":"","CVE_OPER_ENT":"0811111432","CVEOPERORI":"","CVEGEO":"0803706243124800","CVE_ENT":"08","CVE_MUN":"037","CVE_LOC":"0624","CVE_AGEB":"3124","CVE_MZA":"","NOMGEO":"Ojo de la Casa","PLANO":"N","ORIGEN":1}},{"type":"Feature","id":"3","geometry":{"type":"Point","coordinates":[2060599.0752,2153229.5594]},"properties":{"ATRIBUTOS":"","CVE_OPER_ENT":"0811111432","CVEOPERORI":"","CVEGEO":"0803706253124800","CVE_ENT":"08","CVE_MUN":"037","CVE_LOC":"0625","CVE_AGEB":"3124","CVE_MZA":"","NOMGEO":"Ojo de la Punta","PLANO":"N","ORIGEN":1}},{"type":"Feature","id":"4","geometry":{"type":"Point","coordinates":[2077060.6331,2152412.6182]},"properties":{"ATRIBUTOS":"","CVE_OPER_ENT":"0811111434","CVEOPERORI":"","CVEGEO":"0803706283177800","CVE_ENT":"08","CVE_MUN":"037","CVE_LOC":"0628","CVE_AGEB":"3177","CVE_MZA":"","NOMGEO":"Los Patos","PLANO":"N","ORIGEN":1}},{"type":"Feature","id":"5","geometry":{"type":"Point","coordinates":[2073981.0736,2170726.7041]},"properties":{"ATRIBUTOS":"","CVE_OPER_ENT":"0811111432","CVEOPERORI":"","CVEGEO":"0803707003069800","CVE_ENT":"08","CVE_MUN":"037","CVE_LOC":"0700","CVE_AGEB":"3069","CVE_MZA":"","NOMGEO":"El Veintiocho","PLANO":"N","ORIGEN":1}},{"type":"Feature","id":"6","geometry":{"type":"Point","coordinates":[2075632.1212,2150822.6723]},"properties":{"ATRIBUTOS":"","CVE_OPER_ENT":"0811111431","CVEOPERORI":"","CVEGEO":"0803707053177800","CVE_ENT":"08","CVE_MUN":"037","CVE_LOC":"0705","CVE_AGEB":"3177","CVE_MZA":"","NOMGEO":"La Lila","PLANO":"N","ORIGEN":1}},{"type":"Feature","id":"7","geometry":{"type":"Point","coordinates":[2075454.2508,2150795.7011]},"properties":{"ATRIBUTOS":"","CVE_OPER_ENT":"0811111433","CVEOPERORI":"","CVEGEO":"0803707063177800","CVE_ENT":"08","CVE_MUN":"037","CVE_LOC":"0706","CVE_AGEB":"3177","CVE_MZA":"","NOMGEO":"El Fresno","PLANO":"N","ORIGEN":1}},{"type":"Feature","id":"8","geometry":{"type":"Point","coordinates":[2073940.5684,2150629.2131]},"properties":{"ATRIBUTOS":"","CVE_OPER_ENT":"0811111434","CVEOPERORI":"","CVEGEO":"0803707483177800","CVE_ENT":"08","CVE_MUN":"037","CVE_LOC":"0748","CVE_AGEB":"3177","CVE_MZA":"","NOMGEO":"El Álamo","PLANO":"N","ORIGEN":1}},{"type":"Feature","id":"9","geometry":{"type":"Point","coordinates":[2080504.4562,2147215.8182]},"properties":{"ATRIBUTOS":"","CVE_OPER_ENT":"0811111432","CVEOPERORI":"","CVEGEO":"0803707493177800","CVE_ENT":"08","CVE_MUN":"037","CVE_LOC":"0749","CVE_AGEB":"3177","CVE_MZA":"","NOMGEO":"El Bocan","PLANO":"N","ORIGEN":1}},{"type":"Feature","id":"10","geometry":{"type":"Point","coordinates":[2063203.7261,2146079.7404]},"properties":{"ATRIBUTOS":"","CVE_OPER_ENT":"0811111431","CVEOPERORI":"","CVEGEO":"0803707573124800","CVE_ENT":"08","CVE_MUN":"037","CVE_LOC":"0757","CVE_AGEB":"3124","CVE_MZA":"","NOMGEO":"Luz Alba","PLANO":"N","ORIGEN":1}},{"type":"Feature","id":"11","geometry":{"type":"Point","coordinates":[2075959.7105,2153766.096]},"properties":{"ATRIBUTOS":"","CVE_OPER_ENT":"0811111432","CVEOPERORI":"","CVEGEO":"0803707613177800","CVE_ENT":"08","CVE_MUN":"037","CVE_LOC":"0761","CVE_AGEB":"3177","CVE_MZA":"","NOMGEO":"Santa Alicia","PLANO":"N","ORIGEN":1}},{"type":"Feature","id":"12","geometry":{"type":"Point","coordinates":[2064877.0991,2143908.3764]},"properties":{"ATRIBUTOS":"","CVE_OPER_ENT":"0811111432","CVEOPERORI":"","CVEGEO":"0803707793124800","CVE_ENT":"08","CVE_MUN":"037","CVE_LOC":"0779","CVE_AGEB":"3124","CVE_MZA":"","NOMGEO":"La Morita (El Huérfano)","PLANO":"N","ORIGEN":1}},{"type":"Feature","id":"13","geometry":{"type":"Point","coordinates":[2062126.2329,2152422.4097]},"properties":{"ATRIBUTOS":"","CVE_OPER_ENT":"0811111431","CVEOPERORI":"","CVEGEO":"0803707813124800","CVE_ENT":"08","CVE_MUN":"037","CVE_LOC":"0781","CVE_AGEB":"3124","CVE_MZA":"","NOMGEO":"Ojo de Enmedio","PLANO":"N","ORIGEN":1}},{"type":"Feature","id":"14","geometry":{"type":"Point","coordinates":[2073806.7525,2144612.9563]},"properties":{"ATRIBUTOS":"","CVE_OPER_ENT":"0811111433","CVEOPERORI":"","CVEGEO":"0803707823177800","CVE_ENT":"08","CVE_MUN":"037","CVE_LOC":"0782","CVE_AGEB":"3177","CVE_MZA":"","NOMGEO":"La Rinconada","PLANO":"N","ORIGEN":1}},{"type":"Feature","id":"15","geometry":{"type":"Point","coordinates":[2074180.151,2150275.8442]},"properties":{"ATRIBUTOS":"","CVE_OPER_ENT":"0811111433","CVEOPERORI":"","CVEGEO":"0803707833177800","CVE_ENT":"08","CVE_MUN":"037","CVE_LOC":"0783","CVE_AGEB":"3177","CVE_MZA":"","NOMGEO":"Tío Luis","PLANO":"N","ORIGEN":1}},{"type":"Feature","id":"16","geometry":{"type":"Point","coordinates":[2075532.0289,2151860.8517]},"properties":{"ATRIBUTOS":"","CVE_OPER_ENT":"0811111432","CVEOPERORI":"","CVEGEO":"0803707853177800","CVE_ENT":"08","CVE_MUN":"037","CVE_LOC":"0785","CVE_AGEB":"3177","CVE_MZA":"","NOMGEO":"Las Dunas","PLANO":"N","ORIGEN":1}},{"type":"Feature","id":"17","geometry":{"type":"Point","coordinates":[2073720.526,2148207.9293]},"properties":{"ATRIBUTOS":"","CVE_OPER_ENT":"0811111432","CVEOPERORI":"","CVEGEO":"0803707873177800","CVE_ENT":"08","CVE_MUN":"037","CVE_LOC":"0787","CVE_AGEB":"3177","CVE_MZA":"","NOMGEO":"El Coyote","PLANO":"N","ORIGEN":1}},{"type":"Feature","id":"18","geometry":{"type":"Point","coordinates":[2076710.5758,2153362.4821]},"properties":{"ATRIBUTOS":"","CVE_OPER_ENT":"0811111433","CVEOPERORI":"","CVEGEO":"0803707883177800","CVE_ENT":"08","CVE_MUN":"037","CVE_LOC":"0788","CVE_AGEB":"3177","CVE_MZA":"","NOMGEO":"Tierra Blanca (Salsipuedes)","PLANO":"N","ORIGEN":1}},{"type":"Feature","id":"19","geometry":{"type":"Point","coordinates":[2075977.5165,2153107.9156]},"properties":{"ATRIBUTOS":"","CVE_OPER_ENT":"0811111431","CVEOPERORI":"","CVEGEO":"0803707893177800","CVE_ENT":"08","CVE_MUN":"037","CVE_LOC":"0789","CVE_AGEB":"3177","CVE_MZA":"","NOMGEO":"Las Moras","PLANO":"N","ORIGEN":1}},{"type":"Feature","id":"20","geometry":{"type":"Point","coordinates":[2073550.9404,2148536.0919]},"properties":{"ATRIBUTOS":"","CVE_OPER_ENT":"0821111112","CVEOPERORI":"","CVEGEO":"0803708123177800","CVE_ENT":"08","CVE_MUN":"037","CVE_LOC":"0812","CVE_AGEB":"3177","CVE_MZA":"","NOMGEO":"Santa Teresa","PLANO":"N","ORIGEN":1}},{"type":"Feature","id":"21","geometry":{"type":"Point","coordinates":[2073435.5064,2147127.1493]},"properties":{"ATRIBUTOS":"","CVE_OPER_ENT":"0811111431","CVEOPERORI":"","CVEGEO":"0803708263177800","CVE_ENT":"08","CVE_MUN":"037","CVE_LOC":"0826","CVE_AGEB":"3177","CVE_MZA":"","NOMGEO":"Los Dos Cachorros","PLANO":"N","ORIGEN":1}},{"type":"Feature","id":"22","geometry":{"type":"Point","coordinates":[2074572.0809,2150753.9966]},"properties":{"ATRIBUTOS":"","CVE_OPER_ENT":"0811111431","CVEOPERORI":"","CVEGEO":"0803708403177800","CVE_ENT":"08","CVE_MUN":"037","CVE_LOC":"0840","CVE_AGEB":"3177","CVE_MZA":"","NOMGEO":"Acapulco","PLANO":"N","ORIGEN":1}},{"type":"Feature","id":"23","geometry":{"type":"Point","coordinates":[2077494.8584,2151632.1134]},"properties":{"ATRIBUTOS":"","CVE_OPER_ENT":"0811111433","CVEOPERORI":"","CVEGEO":"0803708413177800","CVE_ENT":"08","CVE_MUN":"037","CVE_LOC":"0841","CVE_AGEB":"3177","CVE_MZA":"","NOMGEO":"Los Téllez","PLANO":"N","ORIGEN":1}},{"type":"Feature","id":"24","geometry":{"type":"Point","coordinates":[2073513.9096,2149698.2769]},"properties":{"ATRIBUTOS":"","CVE_OPER_ENT":"0811111431","CVEOPERORI":"","CVEGEO":"0803708523177800","CVE_ENT":"08","CVE_MUN":"037","CVE_LOC":"0852","CVE_AGEB":"3177","CVE_MZA":"","NOMGEO":"Las Arenas","PLANO":"N","ORIGEN":1}},{"type":"Feature","id":"25","geometry":{"type":"Point","coordinates":[2077448.9145,2151173.7865]},"properties":{"ATRIBUTOS":"","CVE_OPER_ENT":"0821111112","CVEOPERORI":"","CVEGEO":"0803708583177800","CVE_ENT":"08","CVE_MUN":"037","CVE_LOC":"0858","CVE_AGEB":"3177","CVE_MZA":"","NOMGEO":"Las Dunas","PLANO":"N","ORIGEN":1}},{"type":"Feature","id":"26","geometry":{"type":"Point","coordinates":[2074460.6382,2150779.5493]},"properties":{"ATRIBUTOS":"","CVE_OPER_ENT":"0811111432","CVEOPERORI":"","CVEGEO":"0803708763177800","CVE_ENT":"08","CVE_MUN":"037","CVE_LOC":"0876","CVE_AGEB":"3177","CVE_MZA":"","NOMGEO":"Hermanos Alemán","PLANO":"N","ORIGEN":1}},{"type":"Feature","id":"27","geometry":{"type":"Point","coordinates":[2076941.2677,2152213.2219]},"properties":{"ATRIBUTOS":"","CVE_OPER_ENT":"0811111434","CVEOPERORI":"","CVEGEO":"0803708783177800","CVE_ENT":"08","CVE_MUN":"037","CVE_LOC":"0878","CVE_AGEB":"3177","CVE_MZA":"","NOMGEO":"Los Indios (El Buen Pastor)","PLANO":"N","ORIGEN":1}},{"type":"Feature","id":"28","geometry":{"type":"Point","coordinates":[2056509.6818,2169824.7125]},"properties":{"ATRIBUTOS":"","CVE_OPER_ENT":"0811111433","CVEOPERORI":"","CVEGEO":"0803708953069800","CVE_ENT":"08","CVE_MUN":"037","CVE_LOC":"0895","CVE_AGEB":"3069","CVE_MZA":"","NOMGEO":"Rancho Grande","PLANO":"N","ORIGEN":1}},{"type":"Feature","id":"29","geometry":{"type":"Point","coordinates":[2073226.4095,2149346.1655]},"properties":{"ATRIBUTOS":"","CVE_OPER_ENT":"0821111112","CVEOPERORI":"","CVEGEO":"0803708973177800","CVE_ENT":"08","CVE_MUN":"037","CVE_LOC":"0897","CVE_AGEB":"3177","CVE_MZA":"","NOMGEO":"San Pedro","PLANO":"N","ORIGEN":1}},{"type":"Feature","id":"30","geometry":{"type":"Point","coordinates":[2074003.7309,2155410.5023]},"properties":{"ATRIBUTOS":"","CVE_OPER_ENT":"0811111433","CVEOPERORI":"","CVEGEO":"0803708983124800","CVE_ENT":"08","CVE_MUN":"037","CVE_LOC":"0898","CVE_AGEB":"3124","CVE_MZA":"","NOMGEO":"Dos Amigos [Restaurante]","PLANO":"N","ORIGEN":1}},{"type":"Feature","id":"31","geometry":{"type":"Point","coordinates":[2074033.9664,2155785.1619]},"properties":{"ATRIBUTOS":"","CVE_OPER_ENT":"0811111434","CVEOPERORI":"","CVEGEO":"0803708993124800","CVE_ENT":"08","CVE_MUN":"037","CVE_LOC":"0899","CVE_AGEB":"3124","CVE_MZA":"","NOMGEO":"Las Arenas [Restaurante]","PLANO":"N","ORIGEN":1}},{"type":"Feature","id":"32","geometry":{"type":"Point","coordinates":[2077979.8801,2152549.5292]},"properties":{"ATRIBUTOS":"","CVE_OPER_ENT":"0811111432","CVEOPERORI":"","CVEGEO":"0803709023177800","CVE_ENT":"08","CVE_MUN":"037","CVE_LOC":"0902","CVE_AGEB":"3177","CVE_MZA":"","NOMGEO":"San Gabriel","PLANO":"N","ORIGEN":1}},{"type":"Feature","id":"33","geometry":{"type":"Point","coordinates":[2076144.2846,2150835.179]},"properties":{"ATRIBUTOS":"","CVE_OPER_ENT":"0811111431","CVEOPERORI":"","CVEGEO":"0803709033177800","CVE_ENT":"08","CVE_MUN":"037","CVE_LOC":"0903","CVE_AGEB":"3177","CVE_MZA":"","NOMGEO":"Santa Cruz","PLANO":"N","ORIGEN":1}},{"type":"Feature","id":"34","geometry":{"type":"Point","coordinates":[2057171.5703,2170420.0032]},"properties":{"ATRIBUTOS":"","CVE_OPER_ENT":"0811111431","CVEOPERORI":"","CVEGEO":"0803709423069800","CVE_ENT":"08","CVE_MUN":"037","CVE_LOC":"0942","CVE_AGEB":"3069","CVE_MZA":"","NOMGEO":"Rancho Azul","PLANO":"N","ORIGEN":1}},{"type":"Feature","id":"35","geometry":{"type":"Point","coordinates":[2055920.8557,2170431.8112]},"properties":{"ATRIBUTOS":"","CVE_OPER_ENT":"0811111434","CVEOPERORI":"","CVEGEO":"0803709433069800","CVE_ENT":"08","CVE_MUN":"037","CVE_LOC":"0943","CVE_AGEB":"3069","CVE_MZA":"","NOMGEO":"La Escondida","PLANO":"N","ORIGEN":1}},{"type":"Feature","id":"36","geometry":{"type":"Point","coordinates":[2056440.0372,2169255.8925]},"properties":{"ATRIBUTOS":"","CVE_OPER_ENT":"0811111432","CVEOPERORI":"","CVEGEO":"0803709443069800","CVE_ENT":"08","CVE_MUN":"037","CVE_LOC":"0944","CVE_AGEB":"3069","CVE_MZA":"","NOMGEO":"Rancho la Pila","PLANO":"N","ORIGEN":1}},{"type":"Feature","id":"37","geometry":{"type":"Point","coordinates":[2073243.7914,2171762.7036]},"properties":{"ATRIBUTOS":"","CVE_OPER_ENT":"0811111432","CVEOPERORI":"","CVEGEO":"0803709453069800","CVE_ENT":"08","CVE_MUN":"037","CVE_LOC":"0945","CVE_AGEB":"3069","CVE_MZA":"","NOMGEO":"Valle Dorado Quinta Etapa","PLANO":"N","ORIGEN":1}},{"type":"Feature","id":"38","geometry":{"type":"Point","coordinates":[2075283.1807,2149980.6294]},"properties":{"ATRIBUTOS":"","CVE_OPER_ENT":"0811111431","CVEOPERORI":"","CVEGEO":"0803709473177800","CVE_ENT":"08","CVE_MUN":"037","CVE_LOC":"0947","CVE_AGEB":"3177","CVE_MZA":"","NOMGEO":"El Tesorito","PLANO":"N","ORIGEN":1}},{"type":"Feature","id":"39","geometry":{"type":"Point","coordinates":[2074877.8313,2150097.9312]},"properties":{"ATRIBUTOS":"","CVE_OPER_ENT":"0811111432","CVEOPERORI":"","CVEGEO":"0803709483177800","CVE_ENT":"08","CVE_MUN":"037","CVE_LOC":"0948","CVE_AGEB":"3177","CVE_MZA":"","NOMGEO":"El Pistacho","PLANO":"N","ORIGEN":1}},{"type":"Feature","id":"40","geometry":{"type":"Point","coordinates":[2076425.0821,2150970.6614]},"properties":{"ATRIBUTOS":"","CVE_OPER_ENT":"0811111431","CVEOPERORI":"","CVEGEO":"0803709493177800","CVE_ENT":"08","CVE_MUN":"037","CVE_LOC":"0949","CVE_AGEB":"3177","CVE_MZA":"","NOMGEO":"Santa Ana","PLANO":"N","ORIGEN":1}},{"type":"Feature","id":"41","geometry":{"type":"Point","coordinates":[2070309.7678,2148636.0414]},"properties":{"ATRIBUTOS":"","CVE_OPER_ENT":"0811111432","CVEOPERORI":"","CVEGEO":"0803709683177800","CVE_ENT":"08","CVE_MUN":"037","CVE_LOC":"0968","CVE_AGEB":"3177","CVE_MZA":"","NOMGEO":"Canizales","PLANO":"N","ORIGEN":1}},{"type":"Feature","id":"42","geometry":{"type":"Point","coordinates":[2056954.0714,2170668.4245]},"properties":{"ATRIBUTOS":"","CVE_OPER_ENT":"0811111431","CVEOPERORI":"","CVEGEO":"0803710093069800","CVE_ENT":"08","CVE_MUN":"037","CVE_LOC":"1009","CVE_AGEB":"3069","CVE_MZA":"","NOMGEO":"Las Palmitas","PLANO":"N","ORIGEN":1}},{"type":"Feature","id":"43","geometry":{"type":"Point","coordinates":[2056537.1643,2169950.2953]},"properties":{"ATRIBUTOS":"","CVE_OPER_ENT":"0811111433","CVEOPERORI":"","CVEGEO":"0803710133069800","CVE_ENT":"08","CVE_MUN":"037","CVE_LOC":"1013","CVE_AGEB":"3069","CVE_MZA":"","NOMGEO":"El Terán","PLANO":"N","ORIGEN":1}},{"type":"Feature","id":"44","geometry":{"type":"Point","coordinates":[2073447.837,2172959.7994]},"properties":{"ATRIBUTOS":"","CVE_OPER_ENT":"0811111434","CVEOPERORI":"","CVEGEO":"0803710143069800","CVE_ENT":"08","CVE_MUN":"037","CVE_LOC":"1014","CVE_AGEB":"3069","CVE_MZA":"","NOMGEO":"Valle Dorado Cuarta Etapa (El Dorado)","PLANO":"N","ORIGEN":1}},{"type":"Feature","id":"45","geometry":{"type":"Point","coordinates":[2064773.4348,2152219.5344]},"properties":{"ATRIBUTOS":"","CVE_OPER_ENT":"0811111434","CVEOPERORI":"","CVEGEO":"0803710193124800","CVE_ENT":"08","CVE_MUN":"037","CVE_LOC":"1019","CVE_AGEB":"3124","CVE_MZA":"","NOMGEO":"Villalobos","PLANO":"N","ORIGEN":1}},{"type":"Feature","id":"46","geometry":{"type":"Point","coordinates":[2069838.8718,2148659.9507]},"properties":{"ATRIBUTOS":"","CVE_OPER_ENT":"0811111433","CVEOPERORI":"","CVEGEO":"0803710203177800","CVE_ENT":"08","CVE_MUN":"037","CVE_LOC":"1020","CVE_AGEB":"3177","CVE_MZA":"","NOMGEO":"El Zape","PLANO":"N","ORIGEN":1}},{"type":"Feature","id":"47","geometry":{"type":"Point","coordinates":[2069415.6005,2148354.2642]},"properties":{"ATRIBUTOS":"","CVE_OPER_ENT":"0811111431","CVEOPERORI":"","CVEGEO":"0803710213177800","CVE_ENT":"08","CVE_MUN":"037","CVE_LOC":"1021","CVE_AGEB":"3177","CVE_MZA":"","NOMGEO":"Ninguno","PLANO":"N","ORIGEN":1}},{"type":"Feature","id":"48","geometry":{"type":"Point","coordinates":[2072328.13,2146821.0833]},"properties":{"ATRIBUTOS":"","CVE_OPER_ENT":"0811111433","CVEOPERORI":"","CVEGEO":"0803710463177800","CVE_ENT":"08","CVE_MUN":"037","CVE_LOC":"1046","CVE_AGEB":"3177","CVE_MZA":"","NOMGEO":"Rancho las Águilas","PLANO":"N","ORIGEN":1}},{"type":"Feature","id":"49","geometry":{"type":"Point","coordinates":[2071926.8308,2146521.514]},"properties":{"ATRIBUTOS":"","CVE_OPER_ENT":"0811111432","CVEOPERORI":"","CVEGEO":"0803710473177800","CVE_ENT":"08","CVE_MUN":"037","CVE_LOC":"1047","CVE_AGEB":"3177","CVE_MZA":"","NOMGEO":"El Sufrido","PLANO":"N","ORIGEN":1}},{"type":"Feature","id":"50","geometry":{"type":"Point","coordinates":[2069458.469,2148934.93]},"properties":{"ATRIBUTOS":"","CVE_OPER_ENT":"0811111432","CVEOPERORI":"","CVEGEO":"0803710483177800","CVE_ENT":"08","CVE_MUN":"037","CVE_LOC":"1048","CVE_AGEB":"3177","CVE_MZA":"","NOMGEO":"Los Arados","PLANO":"N","ORIGEN":1}},{"type":"Feature","id":"51","geometry":{"type":"Point","coordinates":[2070355.5664,2147994.4666]},"properties":{"ATRIBUTOS":"","CVE_OPER_ENT":"0811111433","CVEOPERORI":"","CVEGEO":"0803710493177800","CVE_ENT":"08","CVE_MUN":"037","CVE_LOC":"1049","CVE_AGEB":"3177","CVE_MZA":"","NOMGEO":"El Cebollero","PLANO":"N","ORIGEN":1}},{"type":"Feature","id":"52","geometry":{"type":"Point","coordinates":[2072816.7201,2149693.8661]},"properties":{"ATRIBUTOS":"","CVE_OPER_ENT":"0811111433","CVEOPERORI":"","CVEGEO":"0803710503177800","CVE_ENT":"08","CVE_MUN":"037","CVE_LOC":"1050","CVE_AGEB":"3177","CVE_MZA":"","NOMGEO":"Ninguno","PLANO":"N","ORIGEN":1}},{"type":"Feature","id":"53","geometry":{"type":"Point","coordinates":[2075019.3791,2150625.6051]},"properties":{"ATRIBUTOS":"","CVE_OPER_ENT":"0811111434","CVEOPERORI":"","CVEGEO":"0803710513177800","CVE_ENT":"08","CVE_MUN":"037","CVE_LOC":"1051","CVE_AGEB":"3177","CVE_MZA":"","NOMGEO":"Ninguno [Viveros Forestales]","PLANO":"N","ORIGEN":1}},{"type":"Feature","id":"54","geometry":{"type":"Point","coordinates":[2073046.2514,2149083.9903]},"properties":{"ATRIBUTOS":"","CVE_OPER_ENT":"0811111431","CVEOPERORI":"","CVEGEO":"0803710523177800","CVE_ENT":"08","CVE_MUN":"037","CVE_LOC":"1052","CVE_AGEB":"3177","CVE_MZA":"","NOMGEO":"La Caseta","PLANO":"N","ORIGEN":1}},{"type":"Feature","id":"55","geometry":{"type":"Point","coordinates":[2073049.599,2148959.7363]},"properties":{"ATRIBUTOS":"","CVE_OPER_ENT":"0811111434","CVEOPERORI":"","CVEGEO":"0803710533177800","CVE_ENT":"08","CVE_MUN":"037","CVE_LOC":"1053","CVE_AGEB":"3177","CVE_MZA":"","NOMGEO":"El Sufrido","PLANO":"N","ORIGEN":1}},{"type":"Feature","id":"56","geometry":{"type":"Point","coordinates":[2071732.5806,2146895.9325]},"properties":{"ATRIBUTOS":"","CVE_OPER_ENT":"0811111434","CVEOPERORI":"","CVEGEO":"0803710543177800","CVE_ENT":"08","CVE_MUN":"037","CVE_LOC":"1054","CVE_AGEB":"3177","CVE_MZA":"","NOMGEO":"Samalayuca [Termoeléctrica]","PLANO":"N","ORIGEN":1}},{"type":"Feature","id":"57","geometry":{"type":"Point","coordinates":[2073411.8354,2149649.8219]},"properties":{"ATRIBUTOS":"","CVE_OPER_ENT":"0821111112","CVEOPERORI":"","CVEGEO":"0803710553177800","CVE_ENT":"08","CVE_MUN":"037","CVE_LOC":"1055","CVE_AGEB":"3177","CVE_MZA":"","NOMGEO":"Rancho Gutiérrez Martínez","PLANO":"N","ORIGEN":1}},{"type":"Feature","id":"58","geometry":{"type":"Point","coordinates":[2077110.8223,2151317.6612]},"properties":{"ATRIBUTOS":"","CVE_OPER_ENT":"0811111432","CVEOPERORI":"","CVEGEO":"0803710573177800","CVE_ENT":"08","CVE_MUN":"037","CVE_LOC":"1057","CVE_AGEB":"3177","CVE_MZA":"","NOMGEO":"Rancho el Roblón","PLANO":"N","ORIGEN":1}},{"type":"Feature","id":"59","geometry":{"type":"Point","coordinates":[2073620.0337,2149564.7571]},"properties":{"ATRIBUTOS":"","CVE_OPER_ENT":"0821111112","CVEOPERORI":"","CVEGEO":"0803710583177800","CVE_ENT":"08","CVE_MUN":"037","CVE_LOC":"1058","CVE_AGEB":"3177","CVE_MZA":"","NOMGEO":"El Coronel","PLANO":"N","ORIGEN":1}},{"type":"Feature","id":"60","geometry":{"type":"Point","coordinates":[2073589.0396,2149055.3535]},"properties":{"ATRIBUTOS":"","CVE_OPER_ENT":"0811111433","CVEOPERORI":"","CVEGEO":"0803710593177800","CVE_ENT":"08","CVE_MUN":"037","CVE_LOC":"1059","CVE_AGEB":"3177","CVE_MZA":"","NOMGEO":"El Aurelio","PLANO":"N","ORIGEN":1}},{"type":"Feature","id":"61","geometry":{"type":"Point","coordinates":[2074472.4045,2150005.8003]},"properties":{"ATRIBUTOS":"","CVE_OPER_ENT":"0811111434","CVEOPERORI":"","CVEGEO":"0803710623177800","CVE_ENT":"08","CVE_MUN":"037","CVE_LOC":"1062","CVE_AGEB":"3177","CVE_MZA":"","NOMGEO":"San Bartolo","PLANO":"N","ORIGEN":1}},{"type":"Feature","id":"62","geometry":{"type":"Point","coordinates":[2056453.5127,2170283.4652]},"properties":{"ATRIBUTOS":"","CVE_OPER_ENT":"0811111432","CVEOPERORI":"","CVEGEO":"0803710923069800","CVE_ENT":"08","CVE_MUN":"037","CVE_LOC":"1092","CVE_AGEB":"3069","CVE_MZA":"","NOMGEO":"Ninguno","PLANO":"N","ORIGEN":1}},{"type":"Feature","id":"63","geometry":{"type":"Point","coordinates":[2069609.4615,2149277.1125]},"properties":{"ATRIBUTOS":"","CVE_OPER_ENT":"0811111431","CVEOPERORI":"","CVEGEO":"0803710963177800","CVE_ENT":"08","CVE_MUN":"037","CVE_LOC":"1096","CVE_AGEB":"3177","CVE_MZA":"","NOMGEO":"La Rosita","PLANO":"N","ORIGEN":1}},{"type":"Feature","id":"64","geometry":{"type":"Point","coordinates":[2069784.4198,2148085.313]},"properties":{"ATRIBUTOS":"","CVE_OPER_ENT":"0811111433","CVEOPERORI":"","CVEGEO":"0803710973177800","CVE_ENT":"08","CVE_MUN":"037","CVE_LOC":"1097","CVE_AGEB":"3177","CVE_MZA":"","NOMGEO":"Ninguno","PLANO":"N","ORIGEN":1}},{"type":"Feature","id":"65","geometry":{"type":"Point","coordinates":[2071044.4623,2148259.1882]},"properties":{"ATRIBUTOS":"","CVE_OPER_ENT":"0811111432","CVEOPERORI":"","CVEGEO":"0803710983177800","CVE_ENT":"08","CVE_MUN":"037","CVE_LOC":"1098","CVE_AGEB":"3177","CVE_MZA":"","NOMGEO":"Rancho Alberto Esparza","PLANO":"N","ORIGEN":1}},{"type":"Feature","id":"66","geometry":{"type":"Point","coordinates":[2070505.7163,2147739.5764]},"properties":{"ATRIBUTOS":"","CVE_OPER_ENT":"0811111433","CVEOPERORI":"","CVEGEO":"0803710993177800","CVE_ENT":"08","CVE_MUN":"037","CVE_LOC":"1099","CVE_AGEB":"3177","CVE_MZA":"","NOMGEO":"La Adelita","PLANO":"N","ORIGEN":1}},{"type":"Feature","id":"67","geometry":{"type":"Point","coordinates":[2071489.115,2147518.2693]},"properties":{"ATRIBUTOS":"","CVE_OPER_ENT":"0811111431","CVEOPERORI":"","CVEGEO":"0803711003177800","CVE_ENT":"08","CVE_MUN":"037","CVE_LOC":"1100","CVE_AGEB":"3177","CVE_MZA":"","NOMGEO":"Rancho Beliz","PLANO":"N","ORIGEN":1}},{"type":"Feature","id":"68","geometry":{"type":"Point","coordinates":[2074730.9632,2151203.6983]},"properties":{"ATRIBUTOS":"","CVE_OPER_ENT":"0811111433","CVEOPERORI":"","CVEGEO":"0803711013177800","CVE_ENT":"08","CVE_MUN":"037","CVE_LOC":"1101","CVE_AGEB":"3177","CVE_MZA":"","NOMGEO":"Rancho Casa de Piedra","PLANO":"N","ORIGEN":1}},{"type":"Feature","id":"69","geometry":{"type":"Point","coordinates":[2076403.426,2150826.6648]},"properties":{"ATRIBUTOS":"","CVE_OPER_ENT":"0811111431","CVEOPERORI":"","CVEGEO":"0803711023177800","CVE_ENT":"08","CVE_MUN":"037","CVE_LOC":"1102","CVE_AGEB":"3177","CVE_MZA":"","NOMGEO":"Rancho el Escorpión","PLANO":"N","ORIGEN":1}},{"type":"Feature","id":"70","geometry":{"type":"Point","coordinates":[2062869.6186,2152747.8432]},"properties":{"ATRIBUTOS":"","CVE_OPER_ENT":"0811111433","CVEOPERORI":"","CVEGEO":"0803711043124800","CVE_ENT":"08","CVE_MUN":"037","CVE_LOC":"1104","CVE_AGEB":"3124","CVE_MZA":"","NOMGEO":"Rancho Nuevo","PLANO":"N","ORIGEN":1}},{"type":"Feature","id":"71","geometry":{"type":"Point","coordinates":[2064890.5499,2152499.3744]},"properties":{"ATRIBUTOS":"","CVE_OPER_ENT":"0811111434","CVEOPERORI":"","CVEGEO":"0803711063124800","CVE_ENT":"08","CVE_MUN":"037","CVE_LOC":"1106","CVE_AGEB":"3124","CVE_MZA":"","NOMGEO":"Pozo Loco (El Refugio)","PLANO":"N","ORIGEN":1}},{"type":"Feature","id":"72","geometry":{"type":"Point","coordinates":[2075525.5288,2151291.5659]},"properties":{"ATRIBUTOS":"","CVE_OPER_ENT":"0811111432","CVEOPERORI":"","CVEGEO":"0803711073177800","CVE_ENT":"08","CVE_MUN":"037","CVE_LOC":"1107","CVE_AGEB":"3177","CVE_MZA":"","NOMGEO":"Ninguno","PLANO":"N","ORIGEN":1}},{"type":"Feature","id":"73","geometry":{"type":"Point","coordinates":[2073313.5324,2149738.612]},"properties":{"ATRIBUTOS":"","CVE_OPER_ENT":"0811111432","CVEOPERORI":"","CVEGEO":"0803711083177800","CVE_ENT":"08","CVE_MUN":"037","CVE_LOC":"1108","CVE_AGEB":"3177","CVE_MZA":"","NOMGEO":"El Andariego","PLANO":"N","ORIGEN":1}},{"type":"Feature","id":"74","geometry":{"type":"Point","coordinates":[2068761.2573,2149158.2988]},"properties":{"ATRIBUTOS":"","CVE_OPER_ENT":"0811111432","CVEOPERORI":"","CVEGEO":"0803711093177800","CVE_ENT":"08","CVE_MUN":"037","CVE_LOC":"1109","CVE_AGEB":"3177","CVE_MZA":"","NOMGEO":"Santa Martha","PLANO":"N","ORIGEN":1}},{"type":"Feature","id":"75","geometry":{"type":"Point","coordinates":[2067812.3771,2149453.1904]},"properties":{"ATRIBUTOS":"","CVE_OPER_ENT":"0811111431","CVEOPERORI":"","CVEGEO":"0803711103124800","CVE_ENT":"08","CVE_MUN":"037","CVE_LOC":"1110","CVE_AGEB":"3124","CVE_MZA":"","NOMGEO":"Los Compadres","PLANO":"N","ORIGEN":1}},{"type":"Feature","id":"76","geometry":{"type":"Point","coordinates":[2068574.1073,2149426.2942]},"properties":{"ATRIBUTOS":"","CVE_OPER_ENT":"0811111432","CVEOPERORI":"","CVEGEO":"0803711113177800","CVE_ENT":"08","CVE_MUN":"037","CVE_LOC":"1111","CVE_AGEB":"3177","CVE_MZA":"","NOMGEO":"Rancho los Castrosos","PLANO":"N","ORIGEN":1}},{"type":"Feature","id":"77","geometry":{"type":"Point","coordinates":[2067934.3983,2149017.3009]},"properties":{"ATRIBUTOS":"","CVE_OPER_ENT":"0811111431","CVEOPERORI":"","CVEGEO":"0803711123124800","CVE_ENT":"08","CVE_MUN":"037","CVE_LOC":"1112","CVE_AGEB":"3124","CVE_MZA":"","NOMGEO":"Ninguno","PLANO":"N","ORIGEN":1}},{"type":"Feature","id":"78","geometry":{"type":"Point","coordinates":[2072454.8778,2150164.4579]},"properties":{"ATRIBUTOS":"","CVE_OPER_ENT":"0811111431","CVEOPERORI":"","CVEGEO":"0803711133124800","CVE_ENT":"08","CVE_MUN":"037","CVE_LOC":"1113","CVE_AGEB":"3124","CVE_MZA":"","NOMGEO":"Santa Cecilia","PLANO":"N","ORIGEN":1}},{"type":"Feature","id":"79","geometry":{"type":"Point","coordinates":[2072436.9906,2149773.532]},"properties":{"ATRIBUTOS":"","CVE_OPER_ENT":"0811111434","CVEOPERORI":"","CVEGEO":"0803711143177800","CVE_ENT":"08","CVE_MUN":"037","CVE_LOC":"1114","CVE_AGEB":"3177","CVE_MZA":"","NOMGEO":"Las Parcelas","PLANO":"N","ORIGEN":1}},{"type":"Feature","id":"80","geometry":{"type":"Point","coordinates":[2077005.8106,2150961.8977]},"properties":{"ATRIBUTOS":"","CVE_OPER_ENT":"0811111432","CVEOPERORI":"","CVEGEO":"0803711153177800","CVE_ENT":"08","CVE_MUN":"037","CVE_LOC":"1115","CVE_AGEB":"3177","CVE_MZA":"","NOMGEO":"Ninguno","PLANO":"N","ORIGEN":1}},{"type":"Feature","id":"81","geometry":{"type":"Point","coordinates":[2076384.8269,2150432.2561]},"properties":{"ATRIBUTOS":"","CVE_OPER_ENT":"0821111112","CVEOPERORI":"","CVEGEO":"0803711163177800","CVE_ENT":"08","CVE_MUN":"037","CVE_LOC":"1116","CVE_AGEB":"3177","CVE_MZA":"","NOMGEO":"El Oasis","PLANO":"N","ORIGEN":1}},{"type":"Feature","id":"82","geometry":{"type":"Point","coordinates":[2076274.8841,2150878.7507]},"properties":{"ATRIBUTOS":"","CVE_OPER_ENT":"0811111431","CVEOPERORI":"","CVEGEO":"0803711173177800","CVE_ENT":"08","CVE_MUN":"037","CVE_LOC":"1117","CVE_AGEB":"3177","CVE_MZA":"","NOMGEO":"Ninguno","PLANO":"N","ORIGEN":1}},{"type":"Feature","id":"83","geometry":{"type":"Point","coordinates":[2074352.5195,2150519.1943]},"properties":{"ATRIBUTOS":"","CVE_OPER_ENT":"0811111431","CVEOPERORI":"","CVEGEO":"0803711563177800","CVE_ENT":"08","CVE_MUN":"037","CVE_LOC":"1156","CVE_AGEB":"3177","CVE_MZA":"","NOMGEO":"Granja el Sayal","PLANO":"N","ORIGEN":1}},{"type":"Feature","id":"84","geometry":{"type":"Point","coordinates":[2072719.6168,2149923.0795]},"properties":{"ATRIBUTOS":"","CVE_OPER_ENT":"0811111432","CVEOPERORI":"","CVEGEO":"0803711573177800","CVE_ENT":"08","CVE_MUN":"037","CVE_LOC":"1157","CVE_AGEB":"3177","CVE_MZA":"","NOMGEO":"Rancho Nacozari","PLANO":"N","ORIGEN":1}},{"type":"Feature","id":"85","geometry":{"type":"Point","coordinates":[2056410.7813,2171142.3609]},"properties":{"ATRIBUTOS":"","CVE_OPER_ENT":"0811111434","CVEOPERORI":"","CVEGEO":"0803711613069800","CVE_ENT":"08","CVE_MUN":"037","CVE_LOC":"1161","CVE_AGEB":"3069","CVE_MZA":"","NOMGEO":"La Frontera","PLANO":"N","ORIGEN":1}},{"type":"Feature","id":"86","geometry":{"type":"Point","coordinates":[2070522.0883,2148456.3836]},"properties":{"ATRIBUTOS":"","CVE_OPER_ENT":"0811111434","CVEOPERORI":"","CVEGEO":"0803711633177800","CVE_ENT":"08","CVE_MUN":"037","CVE_LOC":"1163","CVE_AGEB":"3177","CVE_MZA":"","NOMGEO":"Los Arados","PLANO":"N","ORIGEN":1}},{"type":"Feature","id":"87","geometry":{"type":"Point","coordinates":[2069033.0665,2149125.9824]},"properties":{"ATRIBUTOS":"","CVE_OPER_ENT":"0811111434","CVEOPERORI":"","CVEGEO":"0803711663177800","CVE_ENT":"08","CVE_MUN":"037","CVE_LOC":"1166","CVE_AGEB":"3177","CVE_MZA":"","NOMGEO":"Dílari [Viveros]","PLANO":"N","ORIGEN":1}}]}